2006,1,dolphins,n,steelers,0,l
2006,1,bills,n,pats,9.5,w
2006,1,bucs,y,ravens,-3,l
2006,1,titans,y,jets,-2.5,l
2006,1,rams,y,broncos,4,w
2006,1,browns,y,saints,-3,l
2006,1,lions,y,seahawks,6,w
2006,1,chiefs,y,bengals,-2.5,l
2006,1,eagles,n,texans,-5.5,w
2006,1,falcons,n,panthers,6,w
2006,1,cowboys,n,jags,2.5,l
2006,1,cards,y,niners,-7.5,l
2006,1,packers,y,bears,3.5,l
2006,1,giants,y,colts,3.5,l
2006,1,vikings,n,redskins,5,w
2006,1,chargers,n,raiders,-3,w
2006,2,ravens,y,raiders,-11,w
2006,2,bengals,y,browns,-10.5,w
2006,2,dolphins,y,bills,-6.5,l
2006,2,colts,y,texans,-13.5,w
2006,2,lions,n,bears,8.5,l
2006,2,eagles,y,giants,-3,l
2006,2,vikings,y,panthers,2,w
2006,2,falcons,y,bucs,-5.5,w
2006,2,packers,y,saints,-2,l
2006,2,seahawks,y,cards,-7,w
2006,2,jets,y,pats,6,l
2006,2,broncos,y,chiefs,-11,l
2006,2,chargers,y,titans,-12,w
2006,2,rams,n,niners,-3,l
2006,2,redskins,n,cowboys,6,l
2006,2,jags,y,steelers,1,w
2006,3,panthers,n,bucs,-3,l
2006,3,browns,y,ravens,6.5,w
2006,3,bengals,n,steelers,2,w
2006,3,packers,n,lions,6.5,w
2006,3,dolphins,y,titans,-10.5,l
2006,3,jags,n,colts,7,push
2006,3,jets,n,bills,5.5,w
2006,3,vikings,y,bears,3,push
2006,3,texans,y,redskins,4,l
2006,3,niners,y,eagles,6,l
2006,3,seahawks,y,giants,-3.5,w
2006,3,rams,n,cards,4.5,w
2006,3,broncos,n,pats,6.5,w
2006,3,saints,y,falcons,3,w
2006,4,jets,y,colts,9,w
2006,4,bills,y,vikings,-1,w
2006,4,chargers,n,ravens,-2.5,l
2006,4,titans,y,cowboys,9.5,l
2006,4,chiefs,y,niners,-7,w
2006,4,panthers,y,saints,-7,l
2006,4,falcons,y,cards,-7,w
2006,4,dolphins,n,texans,-3.5,l
2006,4,lions,n,rams,5.5,l
2006,4,pats,n,bengals,6,w
2006,4,jags,n,redskins,-3,l
2006,4,browns,n,raiders,-2.5,w
2006,4,seahawks,n,bears,3.5,l
2006,4,packers,n,eagles,10.5,l
2006,5,colts,y,titans,-19,l
2006,5,redskins,n,giants,4.5,l
2006,5,lions,n,vikings,6.5,l
2006,5,saints,y,bucs,-6.5,l
2006,5,rams,n,packers,-3,push
2006,5,pats,y,dolphins,-10,push
2006,5,panthers,y,browns,-8.5,l
2006,5,bears,y,bills,-10,w
2006,5,cowboys,n,eagles,2,l
2006,5,jets,n,jags,7,l
2006,5,cards,y,chiefs,3,push
2006,5,niners,y,raiders,-3.5,w
2006,5,chargers,y,steelers,-3,w
2006,5,broncos,y,ravens,-4,w
2006,6,cowboys,y,texans,-13,w
2006,6,redskins,y,titans,-10.5,l
2006,6,bucs,y,bengals,5.5,w
2006,6,bills,n,lions,-1,l
2006,6,rams,y,seahawks,3,w
2006,6,saints,y,eagles,3,w
2006,6,panthers,n,ravens,3,w
2006,6,jets,y,dolphins,-2,w
2006,6,falcons,y,giants,-3,l
2006,6,niners,y,chargers,10,l
2006,6,steelers,y,chiefs,-6.5,w
2006,6,broncos,y,raiders,-15,l
2006,6,bears,n,cards,-10.5,l
2006,7,panthers,n,bengals,3.5,w
2006,7,pats,n,bills,-5.5,w
2006,7,chargers,n,chiefs,-5.5,l
2006,7,steelers,n,falcons,-2.5,l
2006,7,bucs,y,eagles,5.5,w
2006,7,jets,y,lions,-3.5,w
2006,7,packers,n,dolphins,5,w
2006,7,jags,n,texans,-9.5,l
2006,7,cowboys,y,giants,-3,l
2006,7,browns,y,broncos,4.5,l
2006,7,redskins,n,colts,9,l
2006,7,vikings,n,seahawks,6.5,w
2006,7,cards,n,raiders,-3,l
2006,8,titans,y,texans,-3,w
2006,8,eagles,y,jags,-7,l
2006,8,bengals,y,falcons,-3.5,l
2006,8,bucs,n,giants,9,l
2006,8,bears,y,niners,-16,w
2006,8,cards,n,packers,4,l
2006,8,chiefs,y,seahawks,-6,w
2006,8,saints,y,ravens,-2,l
2006,8,rams,n,chargers,9.5,l
2006,8,steelers,n,raiders,-9,l
2006,8,browns,y,jets,-1.5,w
2006,8,colts,n,broncos,3,w
2006,8,cowboys,n,panthers,5.5,w
2006,8,vikings,y,pats,2,l
2006,9,pats,y,colts,-2.5,l
2006,9,rams,y,chiefs,-3,l
2006,9,bengals,n,ravens,3,l
2006,9,giants,y,texans,-13,l
2006,9,titans,n,jags,10,l
2006,9,bucs,y,saints,1,l
2006,9,packers,n,bills,3,l
2006,9,lions,y,falcons,5,w
2006,9,bears,y,dolphins,-13.5,l
2006,9,cowboys,n,redskins,-3,l
2006,9,niners,y,vikings,5.5,w 
2006,9,chargers,y,browns,-12.5,l
2006,9,broncos,n,steelers,2,w
2006,9,seahawks,y,raiders,-8,w 
2006,10,chiefs,n,dolphins,0,l
2006,10,texans,n,jags,10.5,w 
2006,10,bengals,y,chargers,1,l
2006,10,ravens,n,titans,-7.5,l
2006,10,browns,n,falcons,7,w 
2006,10,packers,n,vikings,5.5,w 
2006,10,saints,n,steelers,4.5,l
2006,10,colts,y,bills,-12.5,l
2006,10,jets,n,pats,10.5,w
2006,10,eagles,y,redskins,-7,w 
2006,10,broncos,n,raiders,-9,l
2006,10,lions,y,niners,-6,l
2006,10,panthers,y,bucs,-9.5,w
2006,10,rams,n,seahawks,3,w
2006,10,cards,y,cowboys,7,w
2006,10,giants,y,bears,0,l
2006,11,chiefs,y,raiders,-9.5,l
2006,11,cowboys,y,colts,1,w 
2006,11,bengals,n,saints,3,w
2006,11,browns,y,steelers,3,l
2006,11,titans,n,eagles,13,w
2006,11,ravens,y,falcons,-4,w
2006,11,rams,n,panthers,6.5,l
2006,11,bills,n,texans,2.5,w
2006,11,packers,y,pats,6,l
2006,11,redskins,n,bucs,3,push
2006,11,jets,y,bears,7,l
2006,11,niners,y,seahawks,3.5,w 
2006,11,dolphins,y,vikings,-3,w
2006,11,lions,n,cards,2,l
2006,11,broncos,y,chargers,-2.5,l
2006,11,jags,y,giants,-3.5,w 
2006,12,lions,y,dolphins,2.5,l
2006,12,cowboys,y,bucs,-11,w
2006,12,chiefs,y,broncos,1,w
2006,12,texans,n,jets,6,l
2006,12,ravens,y,steelers,-3,w
2006,12,bills,y,jags,3,w
2006,12,bengals,n,browns,-3,w
2006,12,cards,n,vikings,6.5,w
2006,12,niners,n,rams,6,w
2006,12,saints,n,falcons,3,w
2006,12,panthers,n,redskins,-4.5,l
2006,12,raiders,n,chargers,13,w 
2006,12,pats,y,bears,-3,w 
2006,12,titans,y,giants,2,w 
2006,12,eagles,n,colts,9,l
2006,12,seahawks,y,packers,-9,w
2006,13,vikings,n,bears,9,l
2006,13,steelers,y,bucs,-7,w
2006,13,cards,n,rams,6.5,w
2006,13,titans,y,colts,7.5,w
2006,13,dolphins,y,jags,0,l
2006,13,niners,n,saints,7,l
2006,13,falcons,n,redskins,1,w
2006,13,browns,y,chiefs,5,w
2006,13,jets,n,packers,-1,w
2006,13,pats,y,lions,-13.5,l
2006,13,bills,y,chargers,6,w
2006,13,cowboys,n,giants,-3.5,l
2006,13,texans,n,raiders,3,w
2006,13,broncos,y,seahawks,-3,l
2006,13,panthers,n,eagles,-3,l
2006,14,ravens,n,chiefs,3,w
2006,14,falcons,n,bucs,-3,w
2006,14,vikings,n,lions,1.5,w
2006,14,titans,n,texans,1.5,w
2006,14,saints,n,cowboys,6.5,w
2006,14,bills,n,jets,3.5,w
2006,14,jags,y,colts,1.5,w
2006,14,redskins,y,eagles,1,l
2006,14,giants,n,panthers,3,w
2006,14,bengals,y,raiders,-11,w
2006,14,dolphins,y,pats,3.5,w
2006,14,niners,y,packers,-4,l
2006,14,seahawks,n,cards,-3.5,l
2006,14,chargers,y,broncos,-7,w
2006,14,bears,n,rams,-6,w
2006,15,cowboys,n,falcons,-3.5,w
2006,15,jets,n,vikings,3,w
2006,15,ravens,y,browns,-11,l
2006,15,texans,n,pats,11,l
2006,15,bills,y,dolphins,-1,w
2006,15,redskins,n,saints,9.5,w
2006,15,steelers,n,panthers,0,w
2006,15,jags,n,titans,-3.5,l
2006,15,bears,y,bucs,-13.5,l
2006,15,eagles,n,giants,5,w
2006,15,lions,n,packers,5,l
2006,15,cards,y,broncos,3,l
2006,15,chiefs,n,chargers,9,l
2006,15,raiders,y,rams,-2,l
2006,15,bengals,n,colts,3.5,l
2006,15,seahawks,y,niners,-10,l
2006,16,chiefs,n,raiders,-6.5,w
2006,16,vikings,n,packers,3,w
2006,16,redskins,n,rams,2,l
2006,16,saints,n,giants,3,w
2006,16,titans,n,bills,4.5,w
2006,16,colts,n,texans,-9.5,l
2006,16,steelers,y,ravens,-3.5,l
2006,16,browns,y,bucs,-3,l
2006,16,pats,n,jags,3,w
2006,16,bears,n,lions,-4.5,w
2006,16,niners,y,cards,-4,l
2006,16,falcons,y,panthers,-6,l
2006,16,broncos,y,bengals,-3,l
2006,16,seahawks,y,chargers,4.5,w
2006,16,eagles,n,cowboys,7,w
2006,16,jets,n,dolphins,2,w
2006,17,redskins,y,giants,2.5,l
2006,17,steelers,n,bengals,6,w
2006,17,rams,n,vikings,-2,w
2006,17,lions,n,cowboys,13,w
2006,17,panthers,n,saints,-3,w
2006,17,chiefs,y,jags,-2,w
2006,17,bills,n,ravens,9,l
2006,17,texans,y,browns,-4,w
2006,17,titans,y,pats,-3,l
2006,17,bucs,y,seahawks,-3,l
2006,17,jets,y,raiders,12.5,w
2006,17,falcons,n,eagles,8,w
2006,17,colts,y,dolphins,-9,l
2006,17,chargers,y,cards,-13.5,l
2006,17,broncos,y,niners,-10.5,l
2006,17,packers,n,bears,3,w
2007,1,broncos,n,bills,-3,l
2007,1,texans,y,chiefs,-3,w
2007,1,steelers,n,browns,-4.5,w
2007,1,redskins,y,dolphins,-3,push
2007,1,eagles,n,packers,-3,l
2007,1,titans,n,jags,6.5,w
2007,1,jets,y,pats,6.5,l
2007,1,falcons,n,vikings,3,l
2007,1,rams,y,panthers,-1,l
2007,1,chargers,y,bears,-6,w
2007,1,raiders,y,lions,-2,l
2007,1,seahawks,y,bucs,-6,w
2007,1,cowboys,y,giants,-6,w
2007,1,bengals,y,ravens,-2.5,w
2007,1,niners,y,cards,-3,push
2007,1,saints,n,colts,6,l
2007,2,falcons,n,jags,10,w
2007,2,bills,n,steelers,10,l
2007,2,bengals,n,browns,-7,l
2007,2,packers,n,giants,1.5,w
2007,2,titans,y,colts,7,w
2007,2,texans,n,panthers,6.5,w
2007,2,bucs,y,saints,3,w
2007,2,niners,n,rams,3,w
2007,2,cowboys,n,dolphins,-3.5,w
2007,2,lions,y,vikings,-3,push
2007,2,bears,y,chiefs,-12,l
2007,2,jets,n,ravens,10,w
2007,2,seahawks,n,cards,-2.5,l
2007,2,raiders,n,broncos,9.5,w
2007,2,eagles,y,redskins,-7,l
2007,2,pats,y,chargers,-3,w
2007,3,colts,n,texans,-6,push
2007,3,chargers,n,packers,-5,l
2007,3,chiefs,y,vikings,-2.5,w
2007,3,pats,y,bills,-16.5,w
2007,3,rams,n,bucs,3.5,l
2007,3,lions,n,eagles,6.5,l
2007,3,steelers,y,niners,-9,w
2007,3,jets,y,dolphins,-3,push
2007,3,cards,n,ravens,8,w
2007,3,seahawks,y,bengals,-3,push
2007,3,redskins,y,giants,-3.5,l
2007,3,raiders,y,browns,-3,l
2007,3,jags,n,broncos,3,w
2007,3,falcons,y,panthers,4,l
2007,3,cowboys,n,bears,3,w
2007,3,saints,y,titans,-4.5,l
2007,4,bills,y,jets,3.5,w
2007,4,dolphins,y,raiders,-4,l
2007,4,browns,y,ravens,4.5,w
2007,4,falcons,y,texans,2.5,w
2007,4,lions,y,bears,3,w
2007,4,vikings,y,packers,2,l
2007,4,cowboys,y,rams,-13,w
2007,4,panthers,y,bucs,-3,l
2007,4,niners,y,seahawks,2,l
2007,4,cards,y,steelers,6,w
2007,4,chargers,y,chiefs,-12,l
2007,4,broncos,n,colts,9.5,l
2007,4,giants,y,eagles,3,w
2007,4,pats,n,bengals,-7.5,w
2007,5,saints,y,panthers,-3,l
2007,5,chiefs,y,jags,2,l
2007,5,lions,n,redskins,3.5,l
2007,5,falcons,n,titans,8,w
2007,5,texans,y,dolphins,-5.5,l
2007,5,seahawks,n,steelers,6,l
2007,5,pats,y,browns,-16.5,w
2007,5,cards,n,rams,-3.5,l
2007,5,jets,n,giants,3.5,l
2007,5,bucs,n,colts,9.5,l
2007,5,chargers,n,broncos,1,w
2007,5,ravens,n,niners,-3,l
2007,5,packers,y,bears,-3,l
2007,5,cowboys,n,bills,-10,l
2007,6,chiefs,y,bengals,3,w
2007,6,texans,n,jags,6.5,l
2007,6,dolphins,n,browns,4.5,l
2007,6,vikings,n,bears,5,w
2007,6,jets,y,eagles,3.5,l
2007,6,rams,n,ravens,9.5,l
2007,6,packers,y,redskins,-3,push
2007,6,titans,n,bucs,3,push
2007,6,cards,y,panthers,-4.5,l
2007,6,raiders,n,chargers,9.5,l
2007,6,saints,n,seahawks,6.5,w
2007,6,falcons,y,giants,3.5,l
2007,6,pats,n,cowboys,-5.5,w
2007,7,vikings,n,cowboys,9.5,l
2007,7,bills,y,ravens,3,w
2007,7,lions,y,bucs,-2,w
2007,7,pats,n,dolphins,-16.5,w
2007,7,falcons,n,saints,9,w
2007,7,giants,y,niners,-9,w
2007,7,cards,n,redskins,9,w
2007,7,texans,y,titans,1,l
2007,7,jets,n,bengals,6,l
2007,7,raiders,y,chiefs,-3,l
2007,7,rams,n,seahawks,8,l
2007,7,bears,n,eagles,5,w
2007,7,steelers,n,broncos,-3.5,l
2007,7,colts,n,jags,-3,w
2007,8,browns,n,rams,-3,w
2007,8,lions,n,bears,5,w
2007,8,bucs,y,jags,-3.5,l
2007,8,colts,n,panthers,-7,w
2007,8,bills,n,jets,3,w
2007,8,bengals,y,steelers,3.5,l
2007,8,vikings,y,eagles,1,l
2007,8,raiders,n,titans,7.5,w
2007,8,niners,y,saints,2.5,l
2007,8,giants,n,dolphins,-9.5,l
2007,8,redskins,n,pats,16,l
2007,8,packers,n,broncos,3,w
2007,8,chargers,y,texans,0,w
2007,10,falcons,n,panthers,4,w
2007,10,vikings,n,packers,6,l
2007,10,chiefs,y,broncos,-3,l
2007,10,bills,n,dolphins,-2.5,w
2007,10,saints,y,rams,-11.5,l
2007,10,browns,n,steelers,9.5,w
2007,10,titans,y,jags,-4,l
2007,10,redskins,y,eagles,-2.5,l
2007,10,bengals,n,ravens,4,w
2007,10,cards,y,lions,-1,w
2007,10,giants,y,cowboys,1.5,w
2007,10,bears,n,raiders,-3,w
2007,10,colts,n,chargers,-3.5,l
2007,10,niners,n,seahawks,10,l
2007,11,jags,y,chargers,-3,w
2007,11,browns,n,ravens,-2.5,w
2007,11,jets,y,steelers,9.5,w
2007,11,redskins,n,cowboys,10.5,w
2007,11,dolphins,n,eagles,10,push
2007,11,falcons,y,bucs,3,l
2007,11,raiders,n,vikings,5,l
2007,11,bengals,y,cards,-3,l
2007,11,colts,y,chiefs,-14.5,l
2007,11,lions,y,giants,2.5,l
2007,11,texans,y,saints,-1,w
2007,11,packers,y,panthers,-9.5,w
2007,11,rams,n,niners,-3,w
2007,11,bears,n,seahawks,5.5,l
2007,11,pats,n,bills,-16,w
2007,11,broncos,y,titans,-2,w
2007,12,packers,n,lions,-3,w
2007,12,jets,n,cowboys,14,l
2007,12,colts,n,falcons,-12,w
2007,13,vikings,y,lions,-3.5,w
2007,13,rams,y,falcons,-3,w
2007,13,texans,n,titans,4,l
2007,13,jets,n,dolphins,1,w
2007,13,redskins,y,bills,-5.5,l
2007,13,chiefs,y,chargers,5.5,l
2007,13,jags,n,colts,6.5,w
2007,13,seahawks,n,eagles,3,w
2007,13,niners,n,panthers,3,l
2007,13,bucs,n,saints,3,w
2007,13,browns,n,cards,0,l
2007,13,raiders,y,broncos,3.5,w
2007,13,giants,n,bears,-1.5,w
2007,13,bengals,n,steelers,7,l
2007,13,pats,n,ravens,-20.5,l
2007,14,bears,n,redskins,3,l
2007,14,lions,y,cowboys,10.5,w
2007,14,bills,y,dolphins,-7,w
2007,14,giants,n,eagles,2.5,w
2007,14,panthers,n,jags,10.5,l
2007,14,titans,y,chargers,0,l
2007,14,rams,n,bengals,7,l
2007,14,raiders,n,packers,10.5,l
2007,14,steelers,n,pats,10.5,l
2007,14,texans,y,bucs,3,w
2007,14,cards,n,seahawks,7,l
2007,14,niners,y,vikings,8.5,l
2007,14,jets,y,browns,3.5,l
2007,14,chiefs,n,broncos,6.5,l
2007,14,colts,n,ravens,-9,w
2007,14,falcons,y,saints,4,l
2007,15,bengals,n,niners,-8.5,l
2007,15,saints,y,cards,-4,w
2007,15,bucs,y,falcons,-13,w
2007,15,dolphins,y,ravens,3.5,w
2007,15,bills,n,browns,5.5,l
2007,15,rams,y,packers,8.5,l
2007,15,steelers,y,jags,-3,l
2007,15,pats,y,jets,-23,l
2007,15,panthers,y,seahawks,7.5,w
2007,15,chiefs,y,titans,4,l
2007,15,colts,n,raiders,-10.5,l
2007,15,lions,n,chargers,10,l
2007,15,eagles,n,cowboys,10,w
2007,15,giants,y,redskins,-4.5,l
2007,15,bears,n,vikings,10,w
2007,15,texans,y,broncos,1,w
2007,16,panthers,y,cowboys,10.5,w
2007,16,bears,y,packers,8.5,w
2007,16,browns,n,bengals,-3,l
2007,16,dolphins,n,pats,22,w
2007,16,texans,n,colts,7,l
2007,16,lions,y,chiefs,-5,push
2007,16,redskins,n,vikings,6.5,w
2007,16,saints,y,eagles,-3,l
2007,16,bills,y,giants,3,l
2007,16,jags,y,raiders,-13,w
2007,16,jets,n,titans,8.5,w
2007,16,bucs,n,niners,-6,l
2007,16,cards,y,falcons,-10,l
2007,16,ravens,n,seahawks,10.5,l
2007,16,chargers,y,broncos,-8.5,w
2007,16,rams,y,steelers,8,l
2007,17,pats,n,giants,-14,l
2007,17,bills,n,eagles,7.5,l
2007,17,panthers,n,bucs,-2.5,w
2007,17,dolphins,y,bengals,2.5,l
2007,17,redskins,y,cowboys,-9,w
2007,17,niners,n,browns,10.5,l
2007,17,packers,y,lions,-3.5,w
2007,17,texans,y,jags,-6,w
2007,17,bears,y,saints,2,w
2007,17,ravens,y,steelers,3.5,w
2007,17,falcons,y,seahawks,-1,w
2007,17,vikings,n,broncos,-3,l
2007,17,chargers,n,raiders,-8,w
2007,17,rams,n,cards,6,l
2007,17,jets,y,chiefs,-6,l
2007,17,titans,n,colts,-6.5,l
2008,1,giants,y,redskins,-4,w
2008,1,bengals,n,ravens,-1.5,l
2008,1,lions,n,falcons,-3,l
2008,1,dolphins,y,jets,3,l
2008,1,pats,y,chiefs,-16.5,l
2008,1,texans,n,steelers,6.5,l
2008,1,jags,n,titans,-3,l
2008,1,bucs,n,saints,3.5,l
2008,1,niners,y,cards,2.5,l
2008,1,bills,y,seahawks,-1,w
2008,1,eagles,y,rams,-7.5,w
2008,1,panthers,n,chargers,9,w
2008,1,browns,y,cowboys,5.5,l
2008,1,bears,n,colts,9.5,w
2008,1,packers,y,vikings,-2.5,w
2008,1,raiders,y,broncos,3,l
2008,2,titans,n,bengals,1,w
2008,2,vikings,y,colts,2,l
2008,2,bears,y,panthers,3,push
2008,2,falcons,y,bucs,7,l
2008,2,saints,n,redskins,0,l
2008,2,bills,n,jags,5,w
2008,2,packers,n,lions,-3,w
2008,2,giants,n,rams,-8.5,w
2008,2,niners,n,seahawks,7,w
2008,2,dolphins,n,cards,6.5,l
2008,2,jets,y,pats,-1,l
2008,2,ravens,n,texans,4.5,w
2008,2,chiefs,y,raiders,-3.5,l
2008,2,broncos,y,chargers,1.5,w
2008,2,steelers,n,browns,-6,l
2008,2,eagles,n,cowboys,7,w
2008,3,falcons,y,chargers,-5.5,w
2008,3,bills,y,raiders,-9.5,l
2008,3,titans,y,texans,-5,w
2008,3,pats,y,dolphins,-13,l
2008,3,bears,y,bucs,-3,l
2008,3,seahawks,y,rams,-9.5,w
2008,3,panthers,n,vikings,3.5,l
2008,3,niners,y,lions,-4,w
2008,3,bengals,n,giants,13,w
2008,3,eagles,y,steelers,-3,w
2008,3,redskins,y,cards,-3,w
2008,3,jags,n,colts,5,w
2008,3,ravens,y,browns,-2.5,w
2008,3,saints,n,broncos,5.5,w
2008,3,packers,y,cowboys,3,l
2008,3,jets,n,chargers,10,l
2008,4,broncos,n,chiefs,-9,l
2008,4,bengals,y,browns,-3.5,l
2008,4,texans,n,jags,7.5,w
2008,4,cards,n,jets,1,l
2008,4,niners,n,saints,6,l
2008,4,panthers,y,falcons,-7.5,w
2008,4,titans,y,vikings,-3,w
2008,4,bucs,y,packers,-1.5,w
2008,4,bills,n,rams,-8,w
2008,4,chargers,n,raiders,-7,w
2008,4,eagles,n,bears,-3,l
2008,4,redskins,n,cowboys,11,w
2008,4,ravens,n,steelers,5.5,w
2008,5,texans,y,colts,3.5,l
2008,5,titans,n,ravens,-3,push
2008,5,eagles,y,redskins,-6,push
2008,5,chargers,n,dolphins,-6.5,l
2008,5,falcons,n,packers,7,w
2008,5,bears,n,lions,-3.5,w
2008,5,giants,y,seahawks,-7.5,w
2008,5,panthers,y,chiefs,-9.5,w
2008,5,bucs,n,broncos,3,push
2008,5,pats,n,niners,-3.5,w
2008,5,cowboys,y,bengals,-17,l
2008,5,bills,n,cards,1,l
2008,5,jags,y,steelers,-4.5,l
2008,5,vikings,n,saints,3.5,l
2008,6,saints,y,raiders,-7,w
2008,6,ravens,n,colts,4.5,l
2008,6,bengals,n,jets,5.5,l
2008,6,panthers,n,bucs,1.5,l
2008,6,falcons,y,bears,2.5,w
2008,6,vikings,y,lions,-13,l
2008,6,texans,y,dolphins,-3,l
2008,6,jags,n,broncos,3,w
2008,6,redskins,y,rams,-13.5,l
2008,6,eagles,n,niners,-4.5,w
2008,6,cards,y,cowboys,5.5,w
2008,6,seahawks,y,packers,-2,l
2008,6,pats,n,chargers,6,l
2008,6,browns,y,giants,8,w
2008,7,titans,n,chiefs,-9,w
2008,7,cowboys,n,rams,-7,l
2008,7,bills,y,chargers,0,w
2008,7,steelers,n,bengals,-9.5,w
2008,7,dolphins,y,ravens,-3,l
2008,7,bears,y,vikings,-3,w
2008,7,panthers,y,saints,-3,w
2008,7,giants,y,niners,-10.5,w
2008,7,texans,y,lions,-9.5,l
2008,7,colts,n,packers,-1.5,l
2008,7,jets,n,raiders,-3,l
2008,7,browns,n,redskins,7.5,w
2008,7,seahawks,n,bucs,10.5,w
2008,7,broncos,n,pats,3.5,l
2008,8,ravens,y,raiders,-7,w
2008,8,cards,n,panthers,4,push
2008,8,cowboys,y,bucs,-2.5,w
2008,8,redskins,n,lions,-8,push
2008,8,dolphins,y,bills,1.5,w
2008,8,rams,n,pats,7.5,w
2008,8,chargers,n,saints,-3.5,l
2008,8,chiefs,n,jets,13.5,w
2008,8,falcons,n,eagles,9,l
2008,8,jags,y,browns,-7,l
2008,8,texans,y,bengals,-9,w
2008,8,giants,n,steelers,3,w
2008,8,niners,y,seahawks,-5,l
2008,8,titans,y,colts,-3.5,w
2008,9,texans,n,vikings,4.5,l
2008,9,jags,n,bengals,-7.5,l
2008,9,bucs,n,chiefs,-8.5,l
2008,9,ravens,n,browns,1.5,w
2008,9,jets,n,bills,6,w
2008,9,cards,n,rams,-2.5,w
2008,9,bears,y,lions,-13,l
2008,9,packers,n,titans,4.5,w
2008,9,dolphins,n,broncos,3.5,w
2008,9,raiders,y,falcons,2.5,l
2008,9,giants,y,cowboys,-9,w
2008,9,eagles,n,seahawks,-6.5,w
2008,9,colts,y,pats,-6,l
2008,9,redskins,y,steelers,-2,l
2008,10,jags,n,lions,-7,w
2008,10,titans,n,bears,-3,w
2008,10,pats,y,bills,-4,w
2008,10,falcons,y,saints,-1,w
2008,10,jets,y,rams,-8.5,w
2008,10,dolphins,y,seahawks,-8.5,l
2008,10,packers,n,vikings,2.5,w
2008,10,panthers,n,raiders,-9.5,w
2008,10,chiefs,n,chargers,15.5,w
2008,10,colts,n,steelers,3.5,w
2008,10,giants,n,eagles,3,w
2008,10,ravens,n,texans,0,w
2008,10,cards,y,niners,-9.5,l
2008,10,browns,y,broncos,-3,l
2008,11,jets,n,pats,4,w
2008,11,falcons,y,broncos,-6,l
2008,11,dolphins,y,raiders,-10.5,l
2008,11,ravens,n,giants,7,l
2008,11,texans,n,colts,8.5,w
2008,11,bears,n,packers,3.5,l
2008,11,titans,n,jags,-2.5,w
2008,11,eagles,n,bengals,-9,l
2008,11,chiefs,y,saints,5.5,l
2008,11,panthers,y,lions,-14.5,l
2008,11,chargers,n,steelers,5,w
2008,11,rams,n,niners,6,l
2008,11,cards,n,seahawks,-3,w
2008,11,bucs,y,vikings,-4,w
2008,11,cowboys,n,redskins,-1,w
2008,11,browns,n,bills,5,w
2008,12,jets,n,titans,5.5,w
2008,12,lions,y,bucs,8.5,l
2008,12,niners,n,cowboys,10,l
2008,12,texans,n,browns,3,w
2008,12,dolphins,y,pats,-1.5,l
2008,12,chiefs,y,bills,3.5,l
2008,12,bears,n,rams,-9,w
2008,12,ravens,y,eagles,-1,w
2008,12,vikings,n,jags,2.5,w
2008,12,falcons,y,panthers,-1,w
2008,12,broncos,y,raiders,-9.5,l
2008,12,seahawks,y,redskins,3.5,w
2008,12,cards,y,giants,3.5,l
2008,12,colts,n,chargers,2.5,w
2008,12,packers,n,saints,2.5,l
2008,12,steelers,y,bengals,-11,w
2008,13,titans,n,lions,-10.5,w
2008,13,cowboys,y,seahawks,-13,w
2008,13,cards,n,eagles,3,l
2008,14,raiders,n,chargers,10,l
2008,14,bears,y,jags,-6.5,w
2008,14,bengals,n,colts,13.5,l
2008,14,titans,y,browns,-14,w
2008,14,packers,y,texans,-6,l
2008,14,lions,y,vikings,10,w
2008,14,falcons,n,saints,3.5,l
2008,14,giants,y,eagles,-7,l
2008,14,jets,n,niners,-3.5,l
2008,14,bills,y,dolphins,-1,l
2008,14,chiefs,n,broncos,9,w
2008,14,cowboys,n,steelers,3,l
2008,14,pats,n,seahawks,-5,l
2008,14,rams,n,cards,14,l
2008,14,ravens,y,redskins,-5,w
2008,14,bucs,n,panthers,3,l
2008,14,raiders,n,chargers,9,l
2008,15,packers,n,jags,-1.5,l
2008,15,colts,y,lions,-17.5,l
2008,15,redskins,n,bengals,-7,l
2008,15,falcons,y,bucs,-2.5,w
2008,15,niners,n,dolphins,6.5,w
2008,15,bills,n,jets,8.5,w
2008,15,titans,n,texans,-3,l
2008,15,ravens,y,steelers,-2.5,l
2008,15,panthers,y,broncos,-7.5,w
2008,15,seahawks,n,rams,-2.5,w
2008,15,cards,y,vikings,-3,l
2008,15,pats,n,raiders,-7,w
2008,15,chiefs,y,chargers,5.5,w
2008,15,giants,n,cowboys,2.5,l
2008,15,eagles,y,browns,-14,w
2008,15,bears,y,saints,-3,push
2008,16,cowboys,y,ravens,-4,l
2008,16,steelers,n,titans,-2,l
2008,16,chiefs,y,dolphins,4,l
2008,16,cards,n,pats,8.5,l
2008,16,bengals,n,browns,2.5,w
2008,16,eagles,n,redskins,-5,l
2008,16,rams,y,niners,5.5,w
2008,16,chargers,n,bucs,3.5,w
2008,16,falcons,b,vikings,3.5,w
2008,16,saints,n,lions,-7,w
2008,16,giants,y,panthers,-3,w
2008,16,seahawks,y,jets,4.5,w
2008,16,texans,n,raiders,-7,l
2008,16,bills,n,broncos,6.5,w
2008,16,bears,y,packers,-4,l
2008,16,jags,y,colts,4,l
2008,17,packers,y,lions,-10,l
2008,17,steelers,y,browns,-10.5,w
2008,17,raiders,n,bucs,13,w
2008,17,falcons,y,rams,-14.5,l
2008,17,panthers,n,saints,-3,l
2008,17,texans,y,bears,-3,w
2008,17,vikings,y,giants,-6.5,l
2008,17,pats,n,bills,-6.5,w
2008,17,bengals,y,chiefs,-3,w
2008,17,titans,n,colts,-3,l
2008,17,seahawks,n,cards,6.5,l
2008,17,ravens,y,jags,-12.5,w
2008,17,niners,y,redskins,-3,push
2008,17,jets,y,dolphins,-2.5,l
2008,17,eagles,y,cowboys,-1.5,w
2008,17,broncos,n,chargers,9,l